year,HCI,NCOPspring,NCOPsummer,SCOPspring,SCOPsummer,BEUTI_33N,BEUTI_39N,OC_LUSI_33N,OC_LUSI_36N,OC_LUSI_39N,ENSO,NOI,NPGO,PDOspring,PDOsummer,OC_STI_33N,OC_STI_36N,OC_STI_39N,sprCalCOFILarvalAnchovy,sprCalCOFILarvalSardine,sprCalCOFISouthernMesopels,swfscRockfishSurv_Myctophids,age1SprSardmeanWAA,age1SprAnchmeanWAA,all_calanoid_copepods,All_Copepods,eggs,euphausiids,nauplii,sardSpawnHab,anchSpawnHab,sardBioSmrySeas1,sardBioSmrySeas2,sardRec,anchBioSmrySeas1,anchBioSmrySeas2,anchRec
1900,NA,NA,NA,NA,NA,NA,NA,NA,NA,NA,NA,NA,NA,0.642,0.04333333333333334,NA,NA,NA,NA,NA,NA,NA,NA,NA,NA,NA,NA,NA,NA,NA,NA,NA,NA,NA,NA,NA,NA
1901,NA,NA,NA,NA,NA,NA,NA,NA,NA,NA,NA,NA,NA,-0.022,-0.45666666666666667,NA,NA,NA,NA,NA,NA,NA,NA,NA,NA,NA,NA,NA,NA,NA,NA,NA,NA,NA,NA,NA,NA
1902,NA,NA,NA,NA,NA,NA,NA,NA,NA,NA,NA,NA,NA,1.008,0.9033333333333333,NA,NA,NA,NA,NA,NA,NA,NA,NA,NA,NA,NA,NA,NA,NA,NA,NA,NA,NA,NA,NA,NA
1903,NA,NA,NA,NA,NA,NA,NA,NA,NA,NA,NA,NA,NA,0.068,0.31666666666666665,NA,NA,NA,NA,NA,NA,NA,NA,NA,NA,NA,NA,NA,NA,NA,NA,NA,NA,NA,NA,NA,NA
1904,NA,NA,NA,NA,NA,NA,NA,NA,NA,NA,NA,NA,NA,-0.8220000000000001,-0.05000000000000001,NA,NA,NA,NA,NA,NA,NA,NA,NA,NA,NA,NA,NA,NA,NA,NA,NA,NA,NA,NA,NA,NA
1905,NA,NA,NA,NA,NA,NA,NA,NA,NA,NA,NA,NA,NA,0.874,0.36,NA,NA,NA,NA,NA,NA,NA,NA,NA,NA,NA,NA,NA,NA,NA,NA,NA,NA,NA,NA,NA,NA
1906,NA,NA,NA,NA,NA,NA,NA,NA,NA,NA,NA,NA,NA,0.668,-0.25333333333333335,NA,NA,NA,NA,NA,NA,NA,NA,NA,NA,NA,NA,NA,NA,NA,NA,NA,NA,NA,NA,NA,NA
1907,NA,NA,NA,NA,NA,NA,NA,NA,NA,NA,NA,NA,NA,0.20199999999999999,-0.11666666666666667,NA,NA,NA,NA,NA,NA,NA,NA,NA,NA,NA,NA,NA,NA,NA,NA,NA,NA,NA,NA,NA,NA
1908,NA,NA,NA,NA,NA,NA,NA,NA,NA,NA,NA,NA,NA,0.428,-0.5366666666666666,NA,NA,NA,NA,NA,NA,NA,NA,NA,NA,NA,NA,NA,NA,NA,NA,NA,NA,NA,NA,NA,NA
1909,NA,NA,NA,NA,NA,NA,NA,NA,NA,NA,NA,NA,NA,-0.128,-0.53,NA,NA,NA,NA,NA,NA,NA,NA,NA,NA,NA,NA,NA,NA,NA,NA,NA,NA,NA,NA,NA,NA
1910,NA,NA,NA,NA,NA,NA,NA,NA,NA,NA,NA,NA,NA,-0.1,-0.10666666666666667,NA,NA,NA,NA,NA,NA,NA,NA,NA,NA,NA,NA,NA,NA,NA,NA,NA,NA,NA,NA,NA,NA
1911,NA,NA,NA,NA,NA,NA,NA,NA,NA,NA,NA,NA,NA,-0.168,0.30666666666666664,NA,NA,NA,NA,NA,NA,NA,NA,NA,NA,NA,NA,NA,NA,NA,NA,NA,NA,NA,NA,NA,NA
1912,NA,NA,NA,NA,NA,NA,NA,NA,NA,NA,NA,NA,NA,0.28,0.22,NA,NA,NA,NA,NA,NA,NA,NA,NA,NA,NA,NA,NA,NA,NA,NA,NA,NA,NA,NA,NA,NA
1913,NA,NA,NA,NA,NA,NA,NA,NA,NA,NA,NA,NA,NA,0.458,0.88,NA,NA,NA,NA,NA,NA,NA,NA,NA,NA,NA,NA,NA,NA,NA,NA,NA,NA,NA,NA,NA,NA
1914,NA,NA,NA,NA,NA,NA,NA,NA,NA,NA,NA,NA,NA,0.258,-0.11333333333333334,NA,NA,NA,NA,NA,NA,NA,NA,NA,NA,NA,NA,NA,NA,NA,NA,NA,NA,NA,NA,NA,NA
1915,NA,NA,NA,NA,NA,NA,NA,NA,NA,NA,NA,NA,NA,0.512,-0.06999999999999999,NA,NA,NA,NA,NA,NA,NA,NA,NA,NA,NA,NA,NA,NA,NA,NA,NA,NA,NA,NA,NA,NA
1916,NA,NA,NA,NA,NA,NA,NA,NA,NA,NA,NA,NA,NA,-0.188,-0.5733333333333334,NA,NA,NA,NA,NA,NA,NA,NA,NA,NA,NA,NA,NA,NA,NA,NA,NA,NA,NA,NA,NA,NA
1917,NA,NA,NA,NA,NA,NA,NA,NA,NA,NA,NA,NA,NA,-0.03200000000000001,-0.79,NA,NA,NA,NA,NA,NA,NA,NA,NA,NA,NA,NA,NA,NA,NA,NA,NA,NA,NA,NA,NA,NA
1918,NA,NA,NA,NA,NA,NA,NA,NA,NA,NA,NA,NA,NA,-0.15,-0.09666666666666666,NA,NA,NA,NA,NA,NA,NA,NA,NA,NA,NA,NA,NA,NA,NA,NA,NA,NA,NA,NA,NA,NA
1919,NA,NA,NA,NA,NA,NA,NA,NA,NA,NA,NA,NA,NA,-0.286,0.006666666666666672,NA,NA,NA,NA,NA,NA,NA,NA,NA,NA,NA,NA,NA,NA,NA,NA,NA,NA,NA,NA,NA,NA
1920,NA,NA,NA,NA,NA,NA,NA,NA,NA,NA,NA,NA,NA,-1.048,-1.5166666666666666,NA,NA,NA,NA,NA,NA,NA,NA,NA,NA,NA,NA,NA,NA,NA,NA,NA,NA,NA,NA,NA,NA
1921,NA,NA,NA,NA,NA,NA,NA,NA,NA,NA,NA,NA,NA,-0.308,-0.5666666666666667,NA,NA,NA,NA,NA,NA,NA,NA,NA,NA,NA,NA,NA,NA,NA,NA,NA,NA,NA,NA,NA,NA
1922,NA,NA,NA,NA,NA,NA,NA,NA,NA,NA,NA,NA,NA,-0.308,-0.30000000000000004,NA,NA,NA,NA,NA,NA,NA,NA,NA,NA,NA,NA,NA,NA,NA,NA,NA,NA,NA,NA,NA,NA
1923,NA,NA,NA,NA,NA,NA,NA,NA,NA,NA,NA,NA,NA,0.624,0.5666666666666667,NA,NA,NA,NA,NA,NA,NA,NA,NA,NA,NA,NA,NA,NA,NA,NA,NA,NA,NA,NA,NA,NA
1924,NA,NA,NA,NA,NA,NA,NA,NA,NA,NA,NA,NA,NA,0.33399999999999996,-0.8,NA,NA,NA,NA,NA,NA,NA,NA,NA,NA,NA,NA,NA,NA,NA,NA,NA,NA,NA,NA,NA,NA
1925,NA,NA,NA,NA,NA,NA,NA,NA,NA,NA,NA,NA,NA,0.142,-0.09999999999999999,NA,NA,NA,NA,NA,NA,NA,NA,NA,NA,NA,NA,NA,NA,NA,NA,NA,NA,NA,NA,NA,NA
1926,NA,NA,NA,NA,NA,NA,NA,NA,NA,NA,NA,NA,NA,1.222,1.49,NA,NA,NA,NA,NA,NA,NA,NA,NA,NA,NA,NA,NA,NA,NA,NA,NA,NA,NA,NA,NA,NA
1927,NA,NA,NA,NA,NA,NA,NA,NA,NA,NA,NA,NA,NA,0.12999999999999998,-0.5866666666666667,NA,NA,NA,NA,NA,NA,NA,NA,NA,NA,NA,NA,NA,NA,NA,NA,NA,NA,NA,NA,NA,NA
1928,NA,NA,NA,NA,NA,NA,NA,NA,NA,NA,NA,NA,NA,0.488,-1.1466666666666667,NA,NA,NA,NA,NA,NA,NA,NA,NA,NA,NA,NA,NA,NA,NA,NA,NA,NA,NA,NA,NA,NA
1929,NA,NA,NA,NA,NA,NA,NA,NA,NA,NA,NA,NA,NA,0.512,-0.14999999999999997,NA,NA,NA,NA,NA,NA,NA,NA,NA,NA,NA,NA,NA,NA,NA,NA,NA,NA,NA,NA,NA,NA
1930,NA,NA,NA,NA,NA,NA,NA,NA,NA,NA,NA,NA,NA,-0.188,-0.37,NA,NA,NA,NA,NA,NA,NA,NA,NA,NA,NA,NA,NA,NA,NA,NA,NA,NA,NA,NA,NA,NA
1931,NA,NA,NA,NA,NA,NA,NA,NA,NA,NA,NA,NA,NA,1.19,-0.05333333333333334,NA,NA,NA,NA,NA,NA,NA,NA,NA,NA,NA,NA,NA,NA,NA,NA,NA,NA,NA,NA,NA,NA
1932,NA,NA,NA,NA,NA,NA,NA,NA,NA,NA,NA,NA,NA,0.45599999999999996,-0.27666666666666667,NA,NA,NA,NA,NA,NA,NA,NA,NA,NA,NA,NA,NA,NA,NA,NA,NA,NA,NA,NA,NA,NA
1933,NA,NA,NA,NA,NA,NA,NA,NA,NA,NA,NA,NA,NA,-0.5780000000000001,-1.6766666666666665,NA,NA,NA,NA,NA,NA,NA,NA,NA,NA,NA,NA,NA,NA,NA,NA,NA,NA,NA,NA,NA,NA
1934,NA,NA,NA,NA,NA,NA,NA,NA,NA,NA,NA,NA,NA,1.03,1.6300000000000001,NA,NA,NA,NA,NA,NA,NA,NA,NA,NA,NA,NA,NA,NA,NA,NA,NA,NA,NA,NA,NA,NA
1935,NA,NA,NA,NA,NA,NA,NA,NA,NA,NA,NA,NA,NA,0.81,0.6066666666666667,NA,NA,NA,NA,NA,NA,NA,NA,NA,NA,NA,NA,NA,NA,NA,NA,NA,NA,NA,NA,NA,NA
1936,NA,NA,NA,NA,NA,NA,NA,NA,NA,NA,NA,NA,NA,1.8900000000000001,1.2833333333333334,NA,NA,NA,NA,NA,NA,NA,NA,NA,NA,NA,NA,NA,NA,NA,NA,NA,NA,NA,NA,NA,NA
1937,NA,NA,NA,NA,NA,NA,NA,NA,NA,NA,NA,NA,NA,0.594,0.3466666666666667,NA,NA,NA,NA,NA,NA,NA,NA,NA,NA,NA,NA,NA,NA,NA,NA,NA,NA,NA,NA,NA,NA
1938,NA,NA,NA,NA,NA,NA,NA,NA,NA,NA,NA,NA,NA,-0.03,-0.13,NA,NA,NA,NA,NA,NA,NA,NA,NA,NA,NA,NA,NA,NA,NA,NA,NA,NA,NA,NA,NA,NA
1939,NA,NA,NA,NA,NA,NA,NA,NA,NA,NA,NA,NA,NA,0.374,-1.05,NA,NA,NA,NA,NA,NA,NA,NA,NA,NA,NA,NA,NA,NA,NA,NA,NA,NA,NA,NA,NA,NA
1940,NA,NA,NA,NA,NA,NA,NA,NA,NA,NA,NA,NA,NA,2.226,1.23,NA,NA,NA,NA,NA,NA,NA,NA,NA,NA,NA,NA,NA,NA,NA,NA,NA,NA,NA,NA,NA,NA
1941,NA,NA,NA,NA,NA,NA,NA,NA,NA,NA,NA,NA,NA,2.378,2.1733333333333333,NA,NA,NA,NA,NA,NA,NA,NA,NA,NA,NA,NA,NA,NA,NA,NA,NA,NA,NA,NA,NA,NA
1942,NA,NA,NA,NA,NA,NA,NA,NA,NA,NA,NA,NA,NA,0.646,0.5533333333333333,NA,NA,NA,NA,NA,NA,NA,NA,NA,NA,NA,NA,NA,NA,NA,NA,NA,NA,NA,NA,NA,NA
1943,NA,NA,NA,NA,NA,NA,NA,NA,NA,NA,NA,NA,NA,0.41800000000000004,-0.4766666666666667,NA,NA,NA,NA,NA,NA,NA,NA,NA,NA,NA,NA,NA,NA,NA,NA,NA,NA,NA,NA,NA,NA
1944,NA,NA,NA,NA,NA,NA,NA,NA,NA,NA,NA,NA,NA,-0.186,-0.49000000000000005,NA,NA,NA,NA,NA,NA,NA,NA,NA,NA,NA,NA,NA,NA,NA,NA,NA,NA,NA,NA,NA,NA
1945,NA,NA,NA,NA,NA,NA,NA,NA,NA,NA,NA,NA,NA,0.138,0.003333333333333327,NA,NA,NA,NA,NA,NA,NA,NA,NA,NA,NA,NA,NA,NA,NA,NA,NA,NA,NA,NA,NA,NA
1946,NA,NA,NA,NA,NA,NA,NA,NA,NA,NA,NA,NA,NA,-0.478,-0.31333333333333335,NA,NA,NA,NA,NA,NA,NA,NA,NA,NA,NA,NA,NA,NA,NA,NA,NA,NA,NA,NA,NA,NA
1947,NA,NA,NA,NA,NA,NA,NA,NA,NA,NA,NA,NA,NA,0.752,0.5766666666666667,NA,NA,NA,NA,NA,NA,NA,NA,NA,NA,NA,NA,NA,NA,NA,NA,NA,NA,NA,NA,NA,NA
1948,NA,NA,NA,NA,NA,NA,NA,NA,NA,NA,NA,-1.8921999999999999,NA,-0.48600000000000004,-1.54,NA,NA,NA,NA,NA,NA,NA,NA,NA,NA,NA,NA,NA,NA,NA,NA,NA,NA,NA,NA,NA,NA
1949,NA,NA,NA,NA,NA,NA,NA,NA,NA,NA,NA,-0.9772,NA,-0.772,-1.2133333333333334,NA,NA,NA,NA,NA,NA,NA,NA,NA,NA,NA,NA,NA,NA,NA,NA,NA,NA,NA,NA,NA,NA
1950,NA,NA,NA,NA,NA,NA,NA,NA,NA,NA,NA,1.5806,-0.6523936,-1.852,-1.4000000000000001,NA,NA,NA,NA,NA,NA,NA,NA,NA,NA,NA,NA,NA,NA,NA,NA,NA,NA,NA,NA,NA,NA
1951,NA,NA,NA,NA,NA,NA,NA,NA,NA,NA,NA,-0.8458,-1.2035260333333333,-0.58,-0.5900000000000001,NA,NA,NA,NA,NA,NA,NA,NA,NA,NA,NA,NA,NA,NA,NA,NA,NA,NA,NA,NA,NA,NA
1952,NA,NA,NA,NA,NA,NA,NA,NA,NA,NA,NA,0.019800000000000036,-0.9782704833333333,-1.072,-0.6133333333333333,NA,NA,NA,NA,NA,NA,NA,NA,NA,NA,NA,NA,NA,NA,NA,NA,NA,NA,NA,NA,NA,NA
1953,NA,NA,NA,NA,NA,NA,NA,NA,NA,NA,NA,0.5758000000000001,1.1227297999999999,0.07799999999999997,-0.5566666666666666,NA,NA,NA,NA,NA,NA,NA,NA,NA,NA,NA,NA,NA,NA,NA,NA,NA,NA,NA,NA,NA,NA
1954,NA,NA,NA,NA,NA,NA,NA,NA,NA,NA,NA,-0.163,-0.006954314999999991,-0.08800000000000002,-0.11333333333333331,NA,NA,NA,NA,NA,NA,NA,NA,NA,NA,NA,NA,NA,NA,NA,NA,NA,NA,NA,NA,NA,NA
1955,NA,NA,NA,NA,NA,NA,NA,NA,NA,NA,NA,2.6584,0.052497920333333344,-1.846,-2.333333333333333,NA,NA,NA,NA,NA,NA,NA,NA,NA,NA,NA,NA,NA,NA,NA,NA,NA,NA,NA,NA,NA,NA
1956,NA,NA,NA,NA,NA,NA,NA,NA,NA,NA,NA,2.4038,0.35897968333333335,-1.774,-1.39,NA,NA,NA,NA,NA,NA,NA,NA,NA,NA,NA,NA,NA,NA,NA,NA,NA,NA,NA,NA,NA,NA
1957,NA,NA,NA,NA,NA,NA,NA,NA,NA,NA,NA,-1.1112,-0.9874192833333333,0.5,1.2,NA,NA,NA,NA,NA,NA,NA,NA,NA,NA,NA,NA,NA,NA,NA,NA,NA,NA,NA,NA,NA,NA
1958,NA,NA,NA,NA,NA,NA,NA,NA,NA,NA,NA,-2.3724000000000003,-0.8146848433333334,0.9620000000000001,0.45333333333333337,NA,NA,NA,NA,NA,NA,NA,NA,NA,NA,NA,NA,NA,NA,NA,NA,NA,NA,NA,NA,NA,NA
1959,NA,NA,NA,NA,NA,NA,NA,NA,NA,NA,NA,0.8363999999999999,-0.40251519333333335,-0.15999999999999998,-0.31666666666666665,NA,NA,NA,NA,NA,NA,NA,NA,NA,NA,NA,NA,NA,NA,NA,NA,NA,NA,NA,NA,NA,NA
1960,NA,NA,NA,NA,NA,NA,NA,NA,NA,NA,NA,0.6624,0.64707241,0.232,-0.41,NA,NA,NA,NA,NA,NA,NA,NA,NA,NA,NA,NA,NA,NA,NA,NA,NA,NA,NA,NA,NA,NA
1961,NA,NA,NA,NA,NA,NA,NA,NA,NA,NA,NA,0.8198000000000001,1.2215837333333333,-0.292,-1.8066666666666664,NA,NA,NA,NA,NA,NA,NA,NA,NA,NA,NA,NA,NA,NA,NA,NA,NA,NA,NA,NA,NA,NA
1962,NA,NA,NA,NA,NA,NA,NA,NA,NA,NA,NA,1.783,-0.3685161686666667,-1.304,-1.2033333333333334,NA,NA,NA,NA,NA,NA,NA,NA,NA,NA,NA,NA,NA,NA,NA,NA,NA,NA,NA,NA,NA,NA
1963,NA,NA,NA,NA,NA,NA,NA,NA,NA,NA,NA,0.1878,-0.5037194666666667,-0.696,-0.3666666666666667,NA,NA,NA,NA,NA,NA,NA,NA,NA,NA,NA,NA,NA,NA,NA,NA,NA,NA,NA,NA,NA,NA
1964,NA,NA,NA,NA,NA,NA,NA,NA,NA,NA,NA,2.5046,0.9199902666666666,-0.9279999999999999,-0.6933333333333334,NA,NA,NA,NA,NA,NA,NA,NA,NA,NA,NA,NA,NA,NA,NA,NA,NA,NA,NA,NA,NA,NA
1965,NA,NA,NA,NA,NA,NA,NA,NA,NA,NA,NA,-0.18719999999999998,-0.8938929866666666,-0.254,0.14333333333333334,NA,NA,NA,NA,NA,NA,NA,NA,NA,NA,NA,NA,NA,NA,NA,NA,NA,NA,NA,628035,473298,-0.888016
1966,NA,NA,NA,NA,NA,NA,NA,NA,NA,NA,NA,-0.6058,-1.3521086333333334,-0.268,-0.6166666666666667,NA,NA,NA,NA,NA,NA,NA,NA,0.015175566,NA,NA,NA,NA,NA,NA,NA,NA,NA,NA,611320,394508,0.801878
1967,NA,NA,NA,NA,NA,NA,NA,336,312,278,NA,0.2518,-1.1402448666666667,-1.076,-0.8666666666666667,19,43,30,NA,NA,NA,NA,NA,0.018808511,NA,NA,NA,NA,NA,NA,NA,NA,NA,NA,400194,259076,0.595309
1968,NA,NA,NA,NA,NA,NA,NA,341,287,217,NA,1.2993999999999999,-1.1063568666666665,-0.338,-0.03000000000000001,24,51,84,NA,NA,NA,NA,NA,0.017434426,NA,NA,NA,NA,NA,NA,NA,NA,NA,NA,598058,394874,0.998456
1969,NA,NA,NA,NA,NA,NA,NA,357,251,273,NA,-0.6681999999999999,-0.5324293633333333,-0.03,-0.11666666666666665,7,59,61,NA,NA,NA,NA,NA,0.018601634,NA,NA,NA,NA,NA,NA,NA,NA,NA,NA,743425,475879,1.91197
1970,NA,NA,NA,NA,NA,NA,NA,355,241,219,NA,1.6609999999999998,0.37580883,0.13,-1.5633333333333332,10,60,73,NA,NA,NA,NA,NA,0.017341783,NA,NA,NA,NA,NA,NA,NA,NA,NA,NA,980559,612594,1.28345
1971,NA,NA,NA,NA,NA,NA,NA,349,349,333,NA,2.005,0.5661674800000001,-1.714,-0.05333333333333334,1,1,18,NA,NA,NA,NA,NA,0.016080439,NA,NA,NA,NA,NA,NA,NA,NA,NA,NA,1742520,1181380,1.46312
1972,NA,NA,NA,NA,NA,NA,NA,350,275,234,NA,-0.4834,-0.6102618766666666,-1.6019999999999999,0.17666666666666667,16,43,72,NA,NA,NA,NA,NA,0.012716495,NA,NA,NA,NA,NA,NA,NA,NA,NA,NA,1321270,872417,0.543407
1973,NA,NA,NA,NA,NA,NA,NA,365,273,244,NA,1.8963999999999999,0.3642205533333333,-0.698,-0.84,1,59,65,NA,NA,NA,NA,NA,0.017446309,NA,NA,NA,NA,NA,NA,NA,NA,NA,NA,1931600,1261900,-0.913013
1974,NA,NA,NA,NA,NA,NA,NA,342,348,305,NA,0.8752,0.14317845666666668,-0.41800000000000004,0.20333333333333334,16,18,18,NA,NA,NA,NA,NA,0.017356347,NA,NA,NA,NA,NA,NA,NA,NA,NA,NA,1330380,856992,-1.71654
1975,NA,NA,NA,NA,NA,NA,NA,363,322,299,NA,1.197,0.5615538133333333,-0.878,-1.1966666666666668,3,44,67,NA,NA,NA,NA,NA,0.018616056,NA,NA,NA,NA,NA,NA,NA,NA,NA,NA,854241,485248,0.812198
1976,NA,NA,NA,NA,NA,NA,NA,310,331,355,NA,0.3108000000000001,2.171642,-0.518,1.07,22,2,5,NA,NA,NA,NA,NA,0.01539577,NA,NA,NA,NA,NA,NA,NA,NA,NA,NA,340571,153510,-0.526758
1977,NA,NA,NA,NA,NA,NA,NA,352,341,322,NA,1.0530000000000002,1.0108575,0.388,-0.17333333333333334,2,2,2,NA,NA,NA,NA,NA,0.019608853,NA,NA,NA,NA,NA,NA,NA,NA,NA,NA,511891,243390,1.92161
1978,NA,NA,NA,NA,NA,NA,NA,326,275,299,NA,0.026399999999999934,0.4655734733333333,0.48800000000000004,-0.30000000000000004,16,67,67,NA,NA,NA,NA,NA,0.015626829,NA,NA,NA,NA,NA,NA,NA,NA,NA,NA,225491,111316,1.06564
1979,NA,NA,NA,NA,NA,NA,NA,324,332,238,0.020000000000000004,-0.679,-0.9175917366666667,0.658,0.86,8,16,56,NA,NA,NA,NA,NA,0.013849442,NA,NA,NA,NA,NA,NA,NA,NA,NA,NA,805689,467811,0.937373
1980,0.0923580778,NA,NA,NA,NA,NA,NA,282,267,268,0.558,0.4144,-0.62799143,0.758,0.6533333333333333,48,70,68,NA,NA,NA,NA,NA,0.012700698,NA,NA,NA,NA,NA,NA,NA,NA,NA,NA,847978,326008,-2.17655
1981,0.263100433,NA,NA,NA,NA,NA,NA,343,271,249,-0.128,0.31379999999999997,-0.10586049566666667,1.3439999999999999,0.26,23,28,50,NA,NA,NA,NA,NA,0.011613527,NA,NA,NA,NA,NA,NA,NA,1810.1,2111.14,NA,636761,200518,0.447862
1982,0.412008732,NA,NA,NA,NA,NA,NA,351,356,189,0.384,-2.182,-0.8170969366666667,-0.156,0.5333333333333333,11,5,104,NA,NA,NA,NA,NA,0.012567108,NA,NA,NA,NA,NA,NA,NA,4251.6,4771.91,NA,170682,20283.4,1.6562
1983,0.07292576168,NA,NA,NA,NA,NA,NA,322,231,213,2.226,-3.2066,-0.28983036666666667,2.33,1.24,35,82,89,NA,NA,NA,NA,NA,0.008678038,NA,NA,NA,NA,NA,NA,NA,7005.28,7307.14,0.729681,52996.6,27391.4,0.877187
1984,0.262227072,NA,NA,NA,NA,NA,NA,347,310,296,-0.304,0.9248,0.7116515533333333,0.918,0.4066666666666667,5,1,10,NA,NA,NA,NA,NA,0.009290214,NA,NA,NA,NA,NA,NA,NA,15380.6,18183,-0.193614,109084,42395.4,0.691194
1985,0.556768552,NA,NA,NA,NA,NA,NA,341,320,298,-0.634,0.8757999999999999,0.09664942833333334,0.402,0.5133333333333333,7,7,19,NA,NA,NA,NA,NA,0.016594724,NA,NA,NA,NA,NA,NA,NA,24498,26992,0.41277,170323,103550,1.50323
1986,0.256331878,NA,NA,NA,NA,NA,NA,351,272,271,-0.08199999999999999,0.09040000000000002,-0.7018959333333333,1.432,0.48,13,75,74,NA,NA,NA,NA,NA,0.014015511,NA,NA,NA,NA,NA,NA,NA,32112.7,31278.8,0.905029,236379,154633,0.132901
1987,0.234716154,NA,NA,NA,NA,NA,NA,348,331,238,1.796,-2.6898,0.36498147666666664,1.77,2.21,1,3,72,NA,NA,NA,NA,NA,0.012323129,NA,NA,NA,NA,NA,NA,NA,50825.3,56184.6,0.511533,473219,291610,-1.04327
1988,0.358296934,NA,NA,NA,NA,0.351,20.331,361,355,348,-0.628,1.021,1.7486593,0.988,-0.09333333333333334,5,10,17,NA,NA,NA,NA,NA,0.015707254,NA,NA,NA,NA,NA,NA,NA,86932.8,90623.6,-0.242696,355315,236496,0.370594
1989,0.382096064,NA,NA,NA,NA,0.17700000000000002,22.542333333333335,363,365,272,-1.094,0.282,0.7898755,0.102,0.006666666666666668,3,1,94,NA,NA,NA,NA,NA,0.016664921,NA,NA,NA,NA,NA,NA,NA,135303,141118,-0.287784,184214,134297,-0.672728
1990,0.370087344,NA,NA,NA,NA,0.08966666666666667,16.070666666666668,356,364,353,0.20400000000000001,-0.6055999999999999,-0.13992929333333334,0.16,-0.06666666666666665,1,1,13,NA,NA,NA,-0.049019895,NA,NA,NA,NA,NA,NA,NA,NA,NA,149022,131348,0.893529,219921,164261,-0.0860506
1991,0.79344978,NA,NA,NA,NA,0.6473333333333333,29.830666666666666,349,321,285,0.508,-0.37620000000000003,-0.3089304073333333,-0.766,0.5,6,35,63,NA,NA,NA,-0.5958279,NA,NA,NA,NA,NA,NA,NA,NA,NA,138765,112057,0.765036,189966,140141,-0.0217404
1992,0.0157205238,NA,NA,NA,NA,0.04933333333333333,8.781333333333333,361,294,277,1.546,-3.5908,-1.5362337666666666,1.224,1.0666666666666667,5,66,85,NA,NA,NA,1.0299264,NA,NA,NA,NA,NA,NA,NA,NA,NA,190443,158946,1.58726,220995,166064,0.00759856
1993,0.08362445284,NA,NA,NA,NA,0.03766666666666667,11.356333333333334,334,288,177,1.13,-2.367,-1.4833622333333334,1.758,1.8866666666666667,18,54,152,NA,NA,NA,1.2047435,NA,NA,NA,NA,NA,NA,NA,NA,NA,208026,215276,2.11508,252301,191530,-0.327402
1994,0.24366812540000002,NA,NA,NA,NA,0.189,16.721,364,363,282,0.19,-0.3398,-0.5413640166666667,0.72,-1.1566666666666667,1,1,62,NA,NA,NA,-0.008623754,NA,NA,NA,NA,NA,NA,NA,NA,NA,366478,373687,1.21556,284755,215719,-0.623074
1995,0.07292576320000001,NA,NA,NA,NA,0.461,12.303333333333333,341,271,238,0.046,-1.6614,-1.3505580000000001,1.204,0.6133333333333333,25,73,81,NA,NA,NA,0.017377933,NA,NA,NA,NA,NA,NA,NA,NA,NA,768805,831501,0.841049,269806,189517,-0.569825
1996,0.23668122181999998,-0.5361542412,0.08086643666666667,0.10367918,-0.04518413,0.03866666666666667,25.002333333333333,348,290,250,-0.764,-0.17840000000000003,-1.0729785533333334,1.304,-0.07666666666666667,1,52,71,NA,NA,NA,1.1389325,NA,NA,NA,NA,NA,NA,NA,NA,NA,1045800,1029820,1.18137,219386,162714,-0.623207
1997,0.20698690479999998,-0.168320584,-0.7461205766666666,-0.0501117892,0.28668870333333335,0.014,8.767333333333333,336,291,272,0.984,-1.3484,-0.8626497066666666,1.728,2.1966666666666668,1,26,41,NA,NA,NA,-0.46191582,NA,NA,NA,NA,NA,NA,NA,NA,NA,1173920,1097070,1.15425,195218,146167,-0.696248
1998,0.05720523814,-0.9603957080000001,-0.4147344766666667,0.41363265400000004,0.44633191333333333,0.068,10.177333333333333,319,318,257,1.206,-0.9724,0.26325526,0.868,-0.94,39,48,54,2.2885344,2.7790465,3.4700994,-0.26936597,NA,NA,NA,NA,NA,NA,NA,10036.967788428068,38106.331643760204,1320920,1226060,-0.444517,179882,135709,-0.890092
1999,0.819213988,-0.17075036059999998,0.23771645433333333,-0.17406897100000002,-0.3022045,0.3373333333333333,33.084666666666664,338,350,227,-1.218,1.3781999999999999,1.6303459666666666,-0.676,-1.5733333333333333,11,5,83,1.7617877,2.6325164,2.1139612,-0.9298431,NA,NA,NA,NA,NA,NA,NA,61496.087265998125,3025.3958457112312,1436160,1375800,-0.597004,163019,118705,-0.846009
2000,0.304366818,-0.18658302,0.5315238633333333,-0.334872606,-0.23273166333333334,0.089,15.757,350,303,260,-0.996,0.296,1.9927144333333335,-0.10200000000000002,-1.2433333333333334,1,58,60,2.015118,2.0616136,1.8753265,-1.0515381,NA,NA,NA,NA,NA,NA,NA,50552.88121703267,5299.837700247765,1297720,1140800,-0.163077,129386,98493.2,-0.651502
2001,0.531659374,0.096888752,0.33088309666666665,-0.26208475200000003,-0.24523752999999998,0.098,29.818,353,288,249,-0.542,0.8824,1.9345618333333332,-0.388,-1.1700000000000002,6,65,64,1.6142362,2.124753,1.9455452,-0.89751256,NA,NA,NA,NA,NA,NA,NA,64552.775495529175,6007.724154919386,1022420,854239,-1.60672,97831.2,77419.8,-0.470516
2002,0.588209608,0.40838570139999997,0.27047383666666663,-0.2099686414,-0.28962117,0.6676666666666667,34.42066666666667,359,303,298,0.032,0.064,1.3634202333333334,-0.408,0.48333333333333334,7,7,8,2.1506014,2.3882802,2.1271226,-0.6361271,NA,NA,NA,NA,NA,NA,NA,59147.99184960127,3637.5853776335716,799048,652603,1.65389,103064,83008.3,0.555143
2003,0.25982532999999997,0.0978404212,-0.18094282533333333,0.2781108026,-0.027392775999999997,0.6876666666666666,28.645666666666667,287,308,234,-0.03599999999999998,-1.1780000000000002,0.9664637466666667,1.044,0.5733333333333334,44,23,75,0.7342202,2.4477808,1.451567,1.0712,NA,NA,NA,NA,NA,NA,NA,95976.60203057528,36665.48647651076,546160,414998,1.45488,115778,94323.7,-0.54811
2004,0.23318777200000002,0.1561593,-0.3566113343333333,0.217588762,0.12806309000000002,0.227,13.876333333333333,348,304,303,-0.20400000000000001,1.2194,0.46513217333333334,0.508,0.49666666666666665,14,57,57,1.4669443,0.6129489,2.047655,1.4276742,112.66666666666667,NA,NA,NA,NA,NA,NA,81739.31645974517,32611.018174797297,806336,766394,1.52093,226866,187645,-0.736829
2005,0.1508733628,-1.0622645880000001,-0.05786874666666667,0.523645252,0.35205782999999996,0.28733333333333333,15.620000000000001,356,298,270,0.262,-0.27040000000000003,-1.2481155333333334,1.216,-0.51,10,53,62,3.921347,2.7618284,1.9991063,0.93096846,48.32806324110672,NA,NA,NA,NA,NA,NA,81074.85874864459,39979.34442281723,1046390,956621,0.627343,204095,159647,-1.48678
2006,0.293449778,-0.09529201600000001,0.13673032999999998,0.0268349126,-0.03972024466666666,0.23500000000000001,21.331666666666667,365,365,239,-0.39999999999999997,-0.5442,-0.2512090066666667,0.464,-0.5466666666666666,1,1,102,1.9369546,1.5847605,1.8363867,-0.56307673,64.58333333333333,NA,1008.6293768648649,1142.3537436756758,418.7290597027027,145.24619648648647,20.12869718918919,131361.922000736,35942.1632809639,1233260,1130270,0.255107,170019,132987,-1.60639
2007,0.553275102,0.1230820868,-3.780078666666695e-4,-0.247074574,0.01684549633333333,0.6446666666666667,26.659,363,364,333,-0.53,2.1464,1.0514861999999998,0.114,-0.43666666666666665,2,2,3,1.0977595,2.2456038,1.9889615,-0.17496046,51.326388888888886,NA,1367.4983419393939,1460.6117574848486,148.89244666666667,110.26747778787879,55.81418978787879,102897.2460604012,3586.3701560795307,1196200,1010910,-0.601692,112818,87508.4,-1.89693
2008,0.80152839,0.49863874599999997,0.21563958166666666,-0.340311596,-0.25510419333333334,0.6126666666666667,31.059,339,332,347,-1.076,2.5984,1.4822151,-1.322,-1.67,27,27,12,0.8814438,2.1131876,1.5521072,0.6471691,61.833333333333336,NA,1152.54423,1329.5294782580645,303.83359719354837,199.4510383870968,30.284494741935482,41558.67979478836,19338.259557008743,1005290,835345,-0.0465882,73928.3,54365.9,-1.65568
2009,0.602183388,0.2737087622,-0.08144467666666666,-0.340479566,-0.22978598,0.38633333333333336,18.380333333333333,365,357,279,-0.408,1.324,0.49757627,-0.992,0.29333333333333333,1,1,64,0.48778048,2.1752894,2.1072729,1.6029176,73.1923076923077,NA,897.385244775,1033.2978262,81.18941410000001,69.0398419,43.7006791,63060.02384325862,4950.947262853384,737682,582904,0.117074,47608,36794,-1.76845
2010,0.5244541540000001,-0.07225958680000001,0.36896551666666666,0.266851726,0.010137782,1.491,25.527,345,280,268,-0.42600000000000005,0.8594,1.4169864,0.11399999999999999,-1.3133333333333335,21,58,62,0.072094835,0.5978105,1.9317743,2.29292,60.13157894736842,NA,656.65541725,717.22640775,87.19113738888889,130.4031381111111,19.775502555555555,74098.70712253451,26336.68013638258,558797,440766,-2.24006,37499.5,26641.4,0.103829
2011,0.58799126,0.715380966,0.22121865666666665,-0.238102525,-0.16015413,0.6783333333333333,23.175333333333334,360,362,360,-1.352,0.9338,1.1828216333333332,-0.806,-1.6233333333333333,6,4,2,0.13528186,1.8440894,1.8310224,-1.47041,67.77624309392266,NA,3005.36824305,3280.434535275,322.344256,104.863033075,129.33935595,80412.3611766994,8600.696568876505,484786,409483,-3.75541,23844.7,17950.5,-0.820044
2012,0.647598262,0.4837198808,0.18785347833333332,-0.15158585759999998,-0.23216747,0.741,26.320666666666664,365,330,275,-0.27,0.7040000000000001,1.8083545666666667,-0.994,-1.6433333333333333,1,2,41,0.13899358,0.035932727,1.6698635,-1.1388482,99.10344827586206,NA,1080.4929221875,1176.43355875,136.5207698125,33.5135979375,109.2580868125,78444.88275775313,7269.5192195773125,357632,231290,-2.91707,50081.6,40444.4,-1.17904
2013,0.555021836,0.548104858,0.07905532666666666,-0.2028249324,-0.11434153666666666,2.1453333333333333,23.896,339,365,360,-0.65,1.5558,0.67807734,-0.548,-0.7966666666666666,4,1,5,0.13821274,0.48002553,2.2817187,1.0215167,73.5,NA,1546.6260567027027,1661.7703835945945,62.45811008108108,85.13985608108108,75.3228844054054,105588.1188851893,9720.3590477705,184038,101503,-1.33278,53334.8,36606.1,-0.860146
2014,0.2128821,0.449414302,-0.06043726166666668,-0.21132883,0.18602081333333334,0.33266666666666667,21.266666666666666,322,333,220,-0.022,0.31179999999999997,-0.10736245666666668,1.084,1.08,6,1,68,2.2376788,0.58136517,2.3071136,1.1738554,NA,0.00966897,793.73551825,860.6673598928571,140.80852367857142,79.82494507142857,49.26695489285714,79676.73101848364,44455.72977015376,79934.6,49727.4,-0.361407,32406.9,25107.5,1.51024
2015,0.1626637586,-0.3579290046,-0.7712113433333333,0.374411178,0.54497666,0.8186666666666667,17.198333333333334,336,326,292,1.004,-1.2918,-1.14675442,1.604,1.6566666666666667,29,40,40,0.69765687,0.08130173,3.511075,-1.2153653,87.83333333333333,0.0148577,835.6012923,908.523685175,42.0180618,75.946623400000007,24.34281865,4569.118206113577,48935.57252496481,49260.1,45643.9,-1.10817,20538.1,13165.3,0.809898
2016,0.175982536,-1.076960148,-0.6551280166666666,0.500198196,0.2889510533333333,1.4166666666666667,19.653333333333332,356,338,214,0.75,0.07679999999999998,-0.7116854,2.13,0.51,5,23,73,1.793443,0,3.164177,-0.15950166,43.29874213836478,0.0146438,2883.9135547586206,3073.937578551724,187.46500179310345,107.42856365517241,48.468931827586204,43772.66894650459,43748.589443326,62443.9,67543.4,-0.781249,169595,169816,0.954013
2017,0.271615722,-1.160985686,0.07550533333333333,0.42836969599999997,0.09791957333333333,2.343,25.207,365,314,281,-0.32199999999999995,0.5968,-0.3979825933333333,0.726,0.15333333333333332,1,52,85,3.071076,0.41745237,2.9185314,-0.5248782,87.1,0.0208293,850.5867654102565,925.2192561025641,91.49242017948718,183.52747192307692,16.97913758974359,86364.55145356059,38948.71265473962,63787.7,60451.3,-1.27725,467765,304112,0.638739
2018,0.318558948,0.1530476472,0.15000530666666667,0.0911122831,-0.252274865,1.572,27.019333333333332,365,357,294,-0.734,0.4872,-1.8089244,0.048,0.17666666666666667,1,9,28,3.367615,0.49548084,3.026228,-0.59494275,NA,0.0158852,755.0910449473685,808.838370754386,180.86709049122805,57.4057750877193,37.44051492982456,72376.14668527246,28835.164127409458,58799.6,53180.8,0.0157308,651380,475225,1.72598
2019,0.294104806,0.21363098400000002,-0.10478726,0.07646080400000001,0.23516031666666665,0.882,28.157,335,269,288,0.39,-0.42439999999999994,-2.1231556,0.918,0.11333333333333333,16,65,46,4.627175,0.2618672,3.2999475,-0.77598476,56.70967741935484,0.0168915,574.7492604864865,635.3424637837838,83.5307614054054,49.37614783783784,17.096020621621623,NA,NA,46526.1,45783.6,NA,643846,516303,2.06936
2020,0.346288216,0.744584312,0.13625532333333332,-0.2176777152,0.0052806833333333345,0.7913333333333333,21.64666666666667,365,358,331,-0.386,0.143,-1.7592493666666666,-0.352,-0.5566666666666666,1,1,28,NA,NA,NA,-1.1261725,NA,0.0170413,773.459373,827.8958625,151.06351644444445,203.18071038888888,34.16836933333333,NA,NA,NA,NA,NA,1263240,1007410,-0.192435
2021,0.721397374,0.670846528,0.40697198333333334,-0.278931414,-0.17251375666666666,1.32,40.48133333333333,NA,NA,NA,-1.09,1.7828,-0.7003362166666667,-1.214,-1.7333333333333334,21,1,14,5.197069,0.30919844,2.6087391,-0.91528714,NA,NA,NA,NA,NA,NA,NA,NA,NA,NA,NA,NA,2190270,1764820,0.104995
2022,0.594978164,NA,NA,NA,NA,3.159333333333333,23.216,NA,NA,NA,-1.752,2.4332000000000003,-0.37804306666666665,-1.7,-1.6433333333333333,NA,NA,NA,NA,NA,NA,NA,NA,NA,NA,NA,NA,NA,NA,NA,NA,NA,NA,NA,NA,NA,NA
